"Técnica","F1","Precisão","Revocação"
"Alchemy Categories",0.915555555555556,0.909492273730684,0.921700223713647
"Alchemy Categories Sem Center",0.885813148788927,0.914285714285714,0.859060402684564
