"Técnica","F1","Precisão","Revocação"
"Calais",0.8921348,0.8961625,0.8881432
"Alchemy Entities",0.9005587,0.8995536,0.901566
"Alchemy KeyWords",0.8969422,0.9082569,0.885906
"Alchemy Categories",0.9155556,0.9094923,0.9217002
"2GRAM entidades Todas",0.8937143,0.9135514,0.8747204
"2GRAM Categorias + Hora + Erro ",0.904328018223235,0.921113689095128,0.888143176733781
"Alchemy Categories (Not NULL)",0.89261744966443,0.89261744966443,0.89261744966443
