"Baseline","F1","Precisão","Revocação"
"3 Gram + 25% + Bow #",0.740484429065744,0.703947368421053,0.781021897810219
"3 Gram + 25% + Bow #",0.70446735395189,0.665584415584416,0.748175182481752
"3 Gram + 25% + Bow #",0.695652173913044,0.664451827242525,0.72992700729927
"3 Gram + 25% + Bow # (5)",0.718861209964413,0.701388888888889,0.737226277372263
"3 Gram + 25% + Bow #",0.735191637630662,0.703333333333333,0.77007299270073
