"Baseline","F1","Precisão","Revocação"
"3 GRAM 25 Not Null",0.893095768374165,0.889135254988914,0.897091722595078
"2 Gram + Entidades + Hora + Erro (Not Null)",0.906458797327394,0.902439024390244,0.910514541387025
"3 GRAM 25 Q2 (Not Null)",0.862190812720848,0.835616438356164,0.89051094890511
"2 Gram + Entidades + Hora + Erro Q2 (Not Null)",0.859106529209622,0.811688311688312,0.912408759124088
"3 GRAM 25 Q3 (Not Null)",0.795539033457249,0.76978417266187,0.823076923076923
"2 Gram + Entidades + Hora + Erro Q3 (Not Null)",0.817204301075269,0.76510067114094,0.876923076923077
